Datetime,Open,High,Low,Close,Volume,Dividends,Stock Splits
2024-09-03 11:00:00-04:00,224.11500549316406,224.52999877929688,224.02999877929688,224.4499969482422,265131,0.0,0.0
2024-09-03 11:15:00-04:00,224.47000122070312,224.6699981689453,223.82000732421875,223.85499572753906,1041018,0.0,0.0
2024-09-03 11:30:00-04:00,223.86000061035156,224.42999267578125,223.57000732421875,223.59930419921875,942240,0.0,0.0
2024-09-03 11:45:00-04:00,223.61000061035156,224.02000427246094,223.27000427246094,223.5399932861328,977482,0.0,0.0
2024-09-03 12:00:00-04:00,223.5500030517578,223.92999267578125,223.33999633789062,223.88999938964844,969750,0.0,0.0
2024-09-03 12:15:00-04:00,223.86500549316406,224.30999755859375,223.72999572753906,223.88999938964844,830181,0.0,0.0
2024-09-03 12:30:00-04:00,223.8800048828125,224.02999877929688,223.58909606933594,223.73989868164062,651040,0.0,0.0
2024-09-03 12:45:00-04:00,223.72999572753906,223.91000366210938,223.4499969482422,223.7100067138672,607695,0.0,0.0
2024-09-03 13:00:00-04:00,223.72000122070312,224.0500030517578,223.51499938964844,223.57000732421875,578492,0.0,0.0
2024-09-03 13:15:00-04:00,223.57989501953125,224.14999389648438,223.5399932861328,223.8314971923828,683617,0.0,0.0
2024-09-03 13:30:00-04:00,223.8251953125,223.9199981689453,223.39999389648438,223.4949951171875,734975,0.0,0.0
2024-09-03 13:45:00-04:00,223.47999572753906,223.5500030517578,223.17999267578125,223.2100067138672,641309,0.0,0.0
2024-09-03 14:00:00-04:00,223.24000549316406,223.3000030517578,222.25999450683594,222.38999938964844,1449839,0.0,0.0
2024-09-03 14:15:00-04:00,222.3800048828125,222.39999389648438,221.83999633789062,222.1300048828125,1416165,0.0,0.0
2024-09-03 14:30:00-04:00,222.1199951171875,222.72999572753906,222.0500030517578,222.13999938964844,955178,0.0,0.0
2024-09-03 14:45:00-04:00,222.13999938964844,222.3800048828125,221.8249969482422,221.93499755859375,849852,0.0,0.0
2024-09-03 15:00:00-04:00,221.94500732421875,222.4199981689453,221.77000427246094,222.34359741210938,1016698,0.0,0.0
2024-09-03 15:15:00-04:00,222.35000610351562,222.71499633789062,222.16000366210938,222.4499969482422,1514732,0.0,0.0
2024-09-03 15:30:00-04:00,222.44000244140625,222.52499389648438,221.57000732421875,221.84500122070312,1658871,0.0,0.0
2024-09-03 15:45:00-04:00,221.8175048828125,222.77999877929688,221.1699981689453,222.75,4991628,0.0,0.0
2024-09-04 09:30:00-04:00,221.66000366210938,221.7550048828125,219.38999938964844,220.19500732421875,4769061,0.0,0.0
2024-09-04 09:45:00-04:00,220.18499755859375,220.6199951171875,219.0399932861328,219.57000732421875,2394393,0.0,0.0
2024-09-04 10:00:00-04:00,219.55999755859375,219.55999755859375,217.80189514160156,218.64999389648438,3691916,0.0,0.0
2024-09-04 10:15:00-04:00,218.64999389648438,218.8699951171875,217.47999572753906,218.63499450683594,2564338,0.0,0.0
2024-09-04 10:30:00-04:00,218.6300048828125,219.55999755859375,218.5399932861328,219.5500030517578,1790003,0.0,0.0
2024-09-04 10:45:00-04:00,219.5500030517578,219.6199951171875,218.64999389648438,219.4499969482422,1567503,0.0,0.0
2024-09-04 11:00:00-04:00,219.47999572753906,220.25,219.16000366210938,219.39999389648438,1702057,0.0,0.0
2024-09-04 11:15:00-04:00,219.44000244140625,219.77999877929688,218.67999267578125,218.6800994873047,1105420,0.0,0.0
2024-09-04 11:30:00-04:00,218.69500732421875,219.0399932861328,218.02000427246094,218.83999633789062,1138549,0.0,0.0
2024-09-04 11:45:00-04:00,218.85000610351562,219.45950317382812,218.82069396972656,219.32000732421875,878467,0.0,0.0
2024-09-04 12:00:00-04:00,219.31500244140625,219.57000732421875,219.08999633789062,219.19000244140625,759479,0.0,0.0
2024-09-04 12:15:00-04:00,219.19500732421875,219.96499633789062,219.19500732421875,219.92999267578125,734585,0.0,0.0
2024-09-04 12:30:00-04:00,220.11000061035156,220.1999969482422,219.6199951171875,219.6999969482422,730836,0.0,0.0
2024-09-04 12:45:00-04:00,219.6999969482422,220.21499633789062,219.5399932861328,220.21499633789062,803780,0.0,0.0
2024-09-04 13:00:00-04:00,220.2100067138672,220.3699951171875,219.7899932861328,220.13999938964844,703450,0.0,0.0
2024-09-04 13:15:00-04:00,220.14500427246094,220.7843017578125,219.99000549316406,220.1199951171875,840902,0.0,0.0
2024-09-04 13:30:00-04:00,220.10459899902344,220.58999633789062,220.07000732421875,220.33999633789062,700838,0.0,0.0
2024-09-04 13:45:00-04:00,220.35000610351562,220.91000366210938,220.35000610351562,220.8800048828125,769231,0.0,0.0
2024-09-04 14:00:00-04:00,220.875,221.11000061035156,220.52000427246094,220.8800048828125,847338,0.0,0.0
2024-09-04 14:15:00-04:00,220.89010620117188,221.08999633789062,220.39999389648438,220.91000366210938,766788,0.0,0.0
2024-09-04 14:30:00-04:00,220.89999389648438,221.13999938964844,220.5,220.7899932861328,760817,0.0,0.0
2024-09-04 14:45:00-04:00,220.80999755859375,220.97000122070312,220.4600067138672,220.50999450683594,789914,0.0,0.0
2024-09-04 15:00:00-04:00,220.52000427246094,220.58999633789062,220.1699981689453,220.27999877929688,807039,0.0,0.0
2024-09-04 15:15:00-04:00,220.2899932861328,220.58900451660156,220.1999969482422,220.5500030517578,877882,0.0,0.0
2024-09-04 15:30:00-04:00,220.5500030517578,221.27499389648438,220.4199981689453,221.10989379882812,1311418,0.0,0.0
2024-09-04 15:45:00-04:00,221.10000610351562,221.4300994873047,220.63999938964844,220.7899932861328,3487284,0.0,0.0
2024-09-05 09:30:00-04:00,222.5,224.3300018310547,222.36000061035156,223.13499450683594,5193802,0.0,0.0
2024-09-05 09:45:00-04:00,223.14999389648438,224.85000610351562,222.8800048828125,224.7100067138672,1961921,0.0,0.0
2024-09-05 10:00:00-04:00,224.7100067138672,225.22999572753906,223.8800048828125,224.22000122070312,1990234,0.0,0.0
2024-09-05 10:15:00-04:00,224.23500061035156,225.47999572753906,224.01010131835938,225.05999755859375,1558351,0.0,0.0
2024-09-05 10:30:00-04:00,225.0800018310547,225.38999938964844,224.61000061035156,224.66000366210938,1102292,0.0,0.0
2024-09-05 10:45:00-04:00,224.6300048828125,224.71240234375,223.6300048828125,223.6999969482422,1082388,0.0,0.0
2024-09-05 11:00:00-04:00,223.6999969482422,223.82000732421875,222.98500061035156,223.6199951171875,1258460,0.0,0.0
2024-09-05 11:15:00-04:00,223.6300048828125,223.8699951171875,222.3800048828125,222.47999572753906,1167589,0.0,0.0
2024-09-05 11:30:00-04:00,222.4600067138672,222.64999389648438,222.0,222.30999755859375,1010189,0.0,0.0
2024-09-05 11:45:00-04:00,222.33999633789062,222.6300048828125,221.88999938964844,221.97000122070312,845554,0.0,0.0
2024-09-05 12:00:00-04:00,221.97999572753906,222.74000549316406,221.95620727539062,222.2100067138672,645827,0.0,0.0
2024-09-05 12:15:00-04:00,222.21499633789062,222.81959533691406,221.97999572753906,222.79519653320312,670338,0.0,0.0
2024-09-05 12:30:00-04:00,222.7899932861328,223.14999389648438,222.625,223.0500030517578,586893,0.0,0.0
2024-09-05 12:45:00-04:00,223.08999633789062,223.13499450683594,222.6999969482422,222.8249969482422,727786,0.0,0.0
2024-09-05 13:00:00-04:00,222.8350067138672,222.98500061035156,222.5,222.85499572753906,593335,0.0,0.0
2024-09-05 13:15:00-04:00,222.85499572753906,222.94000244140625,222.33999633789062,222.38999938964844,517299,0.0,0.0
2024-09-05 13:30:00-04:00,222.397705078125,223.27000427246094,222.37420654296875,223.24000549316406,728390,0.0,0.0
2024-09-05 13:45:00-04:00,223.24000549316406,223.72999572753906,223.22999572753906,223.60009765625,707687,0.0,0.0
2024-09-05 14:00:00-04:00,223.6300048828125,223.75,223.3000030517578,223.32000732421875,645145,0.0,0.0
2024-09-05 14:15:00-04:00,223.3000030517578,223.7100067138672,223.1699981689453,223.33059692382812,708790,0.0,0.0
2024-09-05 14:30:00-04:00,223.33999633789062,223.8000030517578,223.3300018310547,223.52999877929688,553129,0.0,0.0
2024-09-05 14:45:00-04:00,223.52999877929688,223.89999389648438,223.28050231933594,223.32000732421875,623004,0.0,0.0
2024-09-05 15:00:00-04:00,223.3300018310547,223.39320373535156,223.02000427246094,223.0399932861328,507108,0.0,0.0
2024-09-05 15:15:00-04:00,223.04750061035156,223.06500244140625,222.11000061035156,222.8300018310547,861823,0.0,0.0
2024-09-05 15:30:00-04:00,222.82000732421875,223.3699951171875,222.02999877929688,222.20989990234375,946935,0.0,0.0
2024-09-05 15:45:00-04:00,222.18499755859375,222.42999267578125,221.8101043701172,222.39999389648438,2479678,0.0,0.0
2024-09-06 09:30:00-04:00,224.0,225.02000427246094,222.80999755859375,224.93499755859375,4139399,0.0,0.0
2024-09-06 09:45:00-04:00,224.92999267578125,225.24000549316406,223.94000244140625,224.07000732421875,2731040,0.0,0.0
2024-09-06 10:00:00-04:00,224.0449981689453,224.74000549316406,223.08999633789062,223.22000122070312,2068582,0.0,0.0
2024-09-06 10:15:00-04:00,223.25,223.74000549316406,222.3800048828125,222.69000244140625,1898018,0.0,0.0
2024-09-06 10:30:00-04:00,222.6699981689453,223.02000427246094,221.10000610351562,221.15199279785156,1947289,0.0,0.0
2024-09-06 10:45:00-04:00,221.17999267578125,221.61000061035156,220.92999267578125,221.39999389648438,1272308,0.0,0.0
2024-09-06 11:00:00-04:00,221.41000366210938,222.55709838867188,221.27000427246094,221.77000427246094,1753411,0.0,0.0
2024-09-06 11:15:00-04:00,221.75999450683594,221.86000061035156,220.8300018310547,221.25,1179785,0.0,0.0
2024-09-06 11:30:00-04:00,221.25,222.0677947998047,221.16000366210938,221.50999450683594,934638,0.0,0.0
2024-09-06 11:45:00-04:00,221.1999969482422,221.4499969482422,220.82000732421875,220.96499633789062,1374698,0.0,0.0
2024-09-06 12:00:00-04:00,220.9550018310547,221.35000610351562,220.66200256347656,221.11000061035156,988784,0.0,0.0
2024-09-06 12:15:00-04:00,221.08200073242188,221.24740600585938,220.67999267578125,220.68569946289062,594474,0.0,0.0
2024-09-06 12:30:00-04:00,220.6999969482422,221.25,220.5800018310547,220.83999633789062,894803,0.0,0.0
2024-09-06 12:45:00-04:00,220.83999633789062,220.98480224609375,220.4600067138672,220.67999267578125,835897,0.0,0.0
2024-09-06 13:00:00-04:00,220.67999267578125,221.4949951171875,220.61000061035156,221.39999389648438,842049,0.0,0.0
2024-09-06 13:15:00-04:00,221.41000366210938,221.63999938964844,220.91000366210938,220.97999572753906,846399,0.0,0.0
2024-09-06 13:30:00-04:00,220.9499969482422,221.08999633789062,220.22000122070312,220.38999938964844,700916,0.0,0.0
2024-09-06 13:45:00-04:00,220.3800048828125,220.67999267578125,220.0800018310547,220.26499938964844,797780,0.0,0.0
2024-09-06 14:00:00-04:00,220.3079071044922,220.52000427246094,219.80999755859375,220.1820068359375,813189,0.0,0.0
2024-09-06 14:15:00-04:00,220.2100067138672,220.50999450683594,219.77000427246094,220.18780517578125,688498,0.0,0.0
2024-09-06 14:30:00-04:00,220.19000244140625,220.3300018310547,219.82000732421875,220.32009887695312,865793,0.0,0.0
2024-09-06 14:45:00-04:00,220.32000732421875,220.67909240722656,219.91000366210938,220.5399932861328,852902,0.0,0.0
2024-09-06 15:00:00-04:00,220.5449981689453,221.1699981689453,220.4499969482422,220.91000366210938,1128850,0.0,0.0
2024-09-06 15:15:00-04:00,220.91009521484375,221.47000122070312,220.75999450683594,221.05999755859375,1076801,0.0,0.0
2024-09-06 15:30:00-04:00,221.0625,221.38780212402344,220.6999969482422,220.77999877929688,1087220,0.0,0.0
2024-09-06 15:45:00-04:00,220.77000427246094,221.5500030517578,220.13999938964844,220.91000366210938,3511201,0.0,0.0
2024-09-09 09:30:00-04:00,220.89999389648438,221.0,217.82000732421875,218.0399932861328,5998612,0.0,0.0
2024-09-09 09:45:00-04:00,218.39500427246094,219.64999389648438,218.13999938964844,219.22000122070312,3386236,0.0,0.0
2024-09-09 10:00:00-04:00,219.22000122070312,220.1300048828125,219.1300048828125,219.88999938964844,2076211,0.0,0.0
2024-09-09 10:15:00-04:00,219.8800048828125,219.97999572753906,218.74000549316406,218.875,2123676,0.0,0.0
2024-09-09 10:30:00-04:00,218.8800048828125,218.8800048828125,217.85000610351562,218.05999755859375,2153416,0.0,0.0
2024-09-09 10:45:00-04:00,218.0500030517578,218.34959411621094,217.10499572753906,217.1999969482422,2005508,0.0,0.0
2024-09-09 11:00:00-04:00,217.1999969482422,218.0800018310547,217.0500030517578,217.875,1273047,0.0,0.0
2024-09-09 11:15:00-04:00,217.8699951171875,219.00999450683594,217.82000732421875,218.9600067138672,1255185,0.0,0.0
2024-09-09 11:30:00-04:00,218.97999572753906,219.75999450683594,218.92999267578125,219.52000427246094,1347070,0.0,0.0
2024-09-09 11:45:00-04:00,219.52999877929688,219.91000366210938,219.2899932861328,219.91000366210938,856561,0.0,0.0
2024-09-09 12:00:00-04:00,219.88999938964844,220.5,219.75999450683594,219.77630615234375,1276575,0.0,0.0
2024-09-09 12:15:00-04:00,219.75999450683594,220.24290466308594,219.64830017089844,220.2039031982422,888244,0.0,0.0
2024-09-09 12:30:00-04:00,220.2126007080078,220.3699951171875,219.80999755859375,220.19000244140625,844358,0.0,0.0
2024-09-09 12:45:00-04:00,220.18380737304688,220.61000061035156,219.94000244140625,220.14999389648438,1653001,0.0,0.0
2024-09-09 13:00:00-04:00,220.16000366210938,220.77000427246094,219.89999389648438,220.38999938964844,1172915,0.0,0.0
2024-09-09 13:15:00-04:00,220.3800048828125,220.92999267578125,220.32000732421875,220.83999633789062,1077715,0.0,0.0
2024-09-09 13:30:00-04:00,220.83799743652344,220.85000610351562,219.5,219.5399932861328,2046010,0.0,0.0
2024-09-09 13:45:00-04:00,219.56500244140625,220.36000061035156,218.4842987060547,219.16940307617188,3255157,0.0,0.0
2024-09-09 14:00:00-04:00,219.15499877929688,219.15499877929688,217.22000122070312,217.38999938964844,3631554,0.0,0.0
2024-09-09 14:15:00-04:00,217.3699951171875,218.16000366210938,217.0800018310547,217.1699981689453,2555924,0.0,0.0
2024-09-09 14:30:00-04:00,217.13999938964844,217.9499969482422,216.72000122070312,217.35000610351562,3942192,0.0,0.0
2024-09-09 14:45:00-04:00,217.3721923828125,218.0,217.35000610351562,217.8800048828125,1564759,0.0,0.0
2024-09-09 15:00:00-04:00,217.86000061035156,218.77999877929688,217.78199768066406,218.41079711914062,2131163,0.0,0.0
2024-09-09 15:15:00-04:00,218.39810180664062,219.2725067138672,218.2628936767578,219.25999450683594,1631401,0.0,0.0
2024-09-09 15:30:00-04:00,219.27000427246094,220.6300048828125,219.27000427246094,220.02000427246094,3151447,0.0,0.0
2024-09-09 15:45:00-04:00,220.02499389648438,221.0364990234375,219.75999450683594,220.99000549316406,5055482,0.0,0.0
2024-09-10 09:30:00-04:00,219.58999633789062,219.85000610351562,216.72999572753906,217.29989624023438,6133281,0.0,0.0
2024-09-10 09:45:00-04:00,217.27000427246094,217.83999633789062,216.83999633789062,217.51499938964844,2776465,0.0,0.0
2024-09-10 10:00:00-04:00,217.5,219.27000427246094,217.4600067138672,218.39999389648438,2768176,0.0,0.0
2024-09-10 10:15:00-04:00,218.35369873046875,219.97500610351562,218.08999633789062,219.77999877929688,2429283,0.0,0.0
2024-09-10 10:30:00-04:00,219.76499938964844,219.9199981689453,218.97000122070312,219.02000427246094,1849696,0.0,0.0
2024-09-10 10:45:00-04:00,218.94000244140625,219.47999572753906,218.22000122070312,219.15989685058594,1626465,0.0,0.0
2024-09-10 11:00:00-04:00,219.13999938964844,219.77999877929688,218.94400024414062,219.74000549316406,1093719,0.0,0.0
2024-09-10 11:15:00-04:00,219.72999572753906,220.22000122070312,219.52999877929688,219.9499969482422,1500631,0.0,0.0
2024-09-10 11:30:00-04:00,219.9499969482422,220.41000366210938,219.63999938964844,219.86000061035156,1153130,0.0,0.0
2024-09-10 11:45:00-04:00,219.83999633789062,219.83999633789062,218.25999450683594,218.33999633789062,1355534,0.0,0.0
2024-09-10 12:00:00-04:00,218.32000732421875,218.8300018310547,218.0404052734375,218.43260192871094,1272233,0.0,0.0
2024-09-10 12:15:00-04:00,218.44000244140625,218.6486053466797,218.22999572753906,218.5399932861328,775304,0.0,0.0
2024-09-10 12:30:00-04:00,218.5301055908203,219.4550018310547,218.49000549316406,219.4241943359375,779478,0.0,0.0
2024-09-10 12:45:00-04:00,219.42999267578125,219.94000244140625,219.2100067138672,219.5460968017578,957811,0.0,0.0
2024-09-10 13:00:00-04:00,219.55499267578125,220.57899475097656,219.5301055908203,220.53500366210938,924454,0.0,0.0
2024-09-10 13:15:00-04:00,220.52999877929688,220.64999389648438,220.1999969482422,220.27000427246094,1024159,0.0,0.0
2024-09-10 13:30:00-04:00,220.27000427246094,220.67999267578125,220.19590759277344,220.6300048828125,715048,0.0,0.0
2024-09-10 13:45:00-04:00,220.64999389648438,220.94009399414062,220.50999450683594,220.80999755859375,833680,0.0,0.0
2024-09-10 14:00:00-04:00,220.80999755859375,221.47999572753906,220.80999755859375,221.10000610351562,1528933,0.0,0.0
2024-09-10 14:15:00-04:00,221.1009979248047,221.27999877929688,220.64999389648438,220.80999755859375,900373,0.0,0.0
2024-09-10 14:30:00-04:00,220.8300018310547,221.0449981689453,220.5800018310547,220.78500366210938,758641,0.0,0.0
2024-09-10 14:45:00-04:00,220.77999877929688,220.77999877929688,220.2100067138672,220.37559509277344,2433530,0.0,0.0
2024-09-10 15:00:00-04:00,220.3699951171875,220.74000549316406,220.22000122070312,220.72740173339844,1085965,0.0,0.0
2024-09-10 15:15:00-04:00,220.72000122070312,220.85000610351562,220.42999267578125,220.75,1054259,0.0,0.0
2024-09-10 15:30:00-04:00,220.7449951171875,220.99000549316406,220.63999938964844,220.77499389648438,1029848,0.0,0.0
2024-09-10 15:45:00-04:00,220.77999877929688,221.11000061035156,219.67999267578125,220.1699981689453,3644349,0.0,0.0
2024-09-11 09:30:00-04:00,221.0,222.75,220.5,220.7899932861328,4876148,0.0,0.0
2024-09-11 09:45:00-04:00,220.7899932861328,221.10000610351562,220.14999389648438,220.5050048828125,1701626,0.0,0.0
2024-09-11 10:00:00-04:00,220.5500030517578,221.00999450683594,219.67999267578125,219.7100067138672,1692184,0.0,0.0
2024-09-11 10:15:00-04:00,219.72000122070312,219.7899932861328,219.14999389648438,219.25,1441684,0.0,0.0
2024-09-11 10:30:00-04:00,219.24000549316406,219.33999633789062,218.38999938964844,218.5399932861328,1522956,0.0,0.0
2024-09-11 10:45:00-04:00,218.5,218.63999938964844,217.968994140625,218.58999633789062,1295439,0.0,0.0
2024-09-11 11:00:00-04:00,218.5399932861328,219.2100067138672,218.0399932861328,219.0500030517578,1243341,0.0,0.0
2024-09-11 11:15:00-04:00,219.05999755859375,219.17999267578125,218.52999877929688,218.89999389648438,767558,0.0,0.0
2024-09-11 11:30:00-04:00,218.89999389648438,219.85000610351562,218.6699981689453,219.77999877929688,907676,0.0,0.0
2024-09-11 11:45:00-04:00,219.8300018310547,220.35000610351562,219.00999450683594,219.67999267578125,1038952,0.0,0.0
2024-09-11 12:00:00-04:00,219.6999053955078,220.8000030517578,219.64999389648438,220.6739959716797,1103830,0.0,0.0
2024-09-11 12:15:00-04:00,220.69000244140625,220.9499969482422,220.22999572753906,220.835205078125,826993,0.0,0.0
2024-09-11 12:30:00-04:00,220.86000061035156,221.32989501953125,220.6199951171875,220.66000366210938,719066,0.0,0.0
2024-09-11 12:45:00-04:00,220.7050018310547,221.10000610351562,220.50999450683594,221.0727996826172,536172,0.0,0.0
2024-09-11 13:00:00-04:00,221.07000732421875,221.85000610351562,221.0,221.40890502929688,932350,0.0,0.0
2024-09-11 13:15:00-04:00,221.39999389648438,221.42999267578125,220.99000549316406,221.20970153808594,658721,0.0,0.0
2024-09-11 13:30:00-04:00,221.22000122070312,221.3699951171875,220.83999633789062,221.0800018310547,840418,0.0,0.0
2024-09-11 13:45:00-04:00,221.10000610351562,221.58999633789062,220.91990661621094,221.0800018310547,944634,0.0,0.0
2024-09-11 14:00:00-04:00,221.07000732421875,221.39999389648438,220.86000061035156,221.19119262695312,791067,0.0,0.0
2024-09-11 14:15:00-04:00,221.22000122070312,221.6999969482422,220.89999389648438,221.6199951171875,919446,0.0,0.0
2024-09-11 14:30:00-04:00,221.64999389648438,221.7899932861328,221.14999389648438,221.51499938964844,1087656,0.0,0.0
2024-09-11 14:45:00-04:00,221.52000427246094,221.60000610351562,221.22999572753906,221.4499969482422,763774,0.0,0.0
2024-09-11 15:00:00-04:00,221.44000244140625,221.57000732421875,221.27000427246094,221.36500549316406,959779,0.0,0.0
2024-09-11 15:15:00-04:00,221.36000061035156,221.97000122070312,221.11000061035156,221.97000122070312,1474459,0.0,0.0
2024-09-11 15:30:00-04:00,221.9550018310547,222.1199951171875,221.67999267578125,222.08999633789062,1442335,0.0,0.0
2024-09-11 15:45:00-04:00,222.05999755859375,223.0,221.97999572753906,222.86000061035156,4089053,0.0,0.0
2024-09-12 09:30:00-04:00,222.0,222.0500030517578,220.75,221.0500030517578,3256139,0.0,0.0
2024-09-12 09:45:00-04:00,221.02999877929688,221.14999389648438,219.82000732421875,221.02999877929688,2074557,0.0,0.0
2024-09-12 10:00:00-04:00,221.0399932861328,221.9499969482422,220.94000244140625,221.93499755859375,1542045,0.0,0.0
2024-09-12 10:15:00-04:00,222.05999755859375,222.37939453125,221.97000122070312,222.07000732421875,1323296,0.0,0.0
2024-09-12 10:30:00-04:00,222.07119750976562,222.3699951171875,221.08999633789062,221.84500122070312,1025058,0.0,0.0
2024-09-12 10:45:00-04:00,221.99000549316406,222.27000427246094,221.5399932861328,221.8000030517578,950158,0.0,0.0
2024-09-12 11:00:00-04:00,221.80999755859375,223.0675048828125,221.67999267578125,222.72999572753906,1438746,0.0,0.0
2024-09-12 11:15:00-04:00,222.72000122070312,222.77279663085938,221.69000244140625,221.89999389648438,954553,0.0,0.0
2024-09-12 11:30:00-04:00,221.89999389648438,222.5399932861328,221.77999877929688,221.97999572753906,816322,0.0,0.0
2024-09-12 11:45:00-04:00,221.97000122070312,222.14999389648438,221.77000427246094,221.97500610351562,460706,0.0,0.0
2024-09-12 12:00:00-04:00,221.97999572753906,222.1999969482422,221.84500122070312,221.97999572753906,426378,0.0,0.0
2024-09-12 12:15:00-04:00,221.97999572753906,222.0,221.6199951171875,221.92999267578125,585802,0.0,0.0
2024-09-12 12:30:00-04:00,221.9499969482422,221.98989868164062,221.7100067138672,221.8800048828125,436537,0.0,0.0
2024-09-12 12:45:00-04:00,221.8800048828125,222.53990173339844,221.81500244140625,222.5,638524,0.0,0.0
2024-09-12 13:00:00-04:00,222.49000549316406,222.83999633789062,222.42999267578125,222.7949981689453,599435,0.0,0.0
2024-09-12 13:15:00-04:00,222.8000030517578,223.0500030517578,222.5800018310547,222.6199951171875,775522,0.0,0.0
2024-09-12 13:30:00-04:00,222.60000610351562,223.22999572753906,222.5800018310547,222.82989501953125,853397,0.0,0.0
2024-09-12 13:45:00-04:00,222.8300018310547,223.16000366210938,222.82000732421875,223.0749969482422,648778,0.0,0.0
2024-09-12 14:00:00-04:00,223.08999633789062,223.1699981689453,222.7899932861328,222.81460571289062,747128,0.0,0.0
2024-09-12 14:15:00-04:00,222.82000732421875,223.1699981689453,222.6999969482422,223.14010620117188,679623,0.0,0.0
2024-09-12 14:30:00-04:00,223.13999938964844,223.5399932861328,222.89999389648438,223.3800048828125,775374,0.0,0.0
2024-09-12 14:45:00-04:00,223.3800048828125,223.52999877929688,222.16000366210938,223.19000244140625,1340050,0.0,0.0
2024-09-12 15:00:00-04:00,223.17999267578125,223.5,222.99000549316406,223.22000122070312,768089,0.0,0.0
2024-09-12 15:15:00-04:00,223.22000122070312,223.30499267578125,222.65499877929688,222.94000244140625,955999,0.0,0.0
2024-09-12 15:30:00-04:00,222.92999267578125,223.3489990234375,222.82000732421875,223.2550048828125,1061185,0.0,0.0
2024-09-12 15:45:00-04:00,223.25,223.3000030517578,222.44000244140625,222.8699951171875,4175272,0.0,0.0
2024-09-13 09:30:00-04:00,223.0,223.13999938964844,222.27999877929688,222.5800018310547,4090455,0.0,0.0
2024-09-13 09:45:00-04:00,222.47000122070312,223.13999938964844,222.3800048828125,222.52000427246094,2031790,0.0,0.0
2024-09-13 10:00:00-04:00,222.5,223.38999938964844,222.19000244140625,223.0,1826179,0.0,0.0
2024-09-13 10:15:00-04:00,223.11000061035156,223.125,222.36000061035156,222.3699951171875,1640455,0.0,0.0
2024-09-13 10:30:00-04:00,222.35000610351562,222.75,221.91000366210938,222.7100067138672,1246417,0.0,0.0
2024-09-13 10:45:00-04:00,222.69320678710938,223.1999053955078,222.67999267578125,223.16000366210938,1063432,0.0,0.0
2024-09-13 11:00:00-04:00,223.17999267578125,223.75,223.14010620117188,223.59109497070312,1383623,0.0,0.0
2024-09-13 11:15:00-04:00,223.59500122070312,223.6750030517578,223.22999572753906,223.5449981689453,799452,0.0,0.0
2024-09-13 11:30:00-04:00,223.5449981689453,223.7100067138672,223.3350067138672,223.48399353027344,692811,0.0,0.0
2024-09-13 11:45:00-04:00,223.49000549316406,223.8489990234375,223.49000549316406,223.80999755859375,827924,0.0,0.0
2024-09-13 12:00:00-04:00,223.8000030517578,223.99000549316406,223.2449951171875,223.25999450683594,790718,0.0,0.0
2024-09-13 12:15:00-04:00,223.25999450683594,223.47000122070312,223.05499267578125,223.3101043701172,513892,0.0,0.0
2024-09-13 12:30:00-04:00,223.32000732421875,223.49989318847656,223.24000549316406,223.32000732421875,459885,0.0,0.0
2024-09-13 12:45:00-04:00,223.32000732421875,223.94500732421875,223.22000122070312,223.8800048828125,741994,0.0,0.0
2024-09-13 13:00:00-04:00,223.8800048828125,224.02999877929688,223.75,223.8000030517578,620614,0.0,0.0
2024-09-13 13:15:00-04:00,223.80999755859375,223.9600067138672,223.4199981689453,223.58380126953125,504341,0.0,0.0
2024-09-13 13:30:00-04:00,223.5800018310547,223.74000549316406,223.32000732421875,223.69000244140625,565223,0.0,0.0
2024-09-13 13:45:00-04:00,223.67999267578125,223.80599975585938,223.55999755859375,223.69000244140625,530056,0.0,0.0
2024-09-13 14:00:00-04:00,223.6999969482422,224.02000427246094,223.08999633789062,223.5500030517578,899593,0.0,0.0
2024-09-13 14:15:00-04:00,223.5399932861328,223.5800018310547,222.85000610351562,223.0,950721,0.0,0.0
2024-09-13 14:30:00-04:00,222.9949951171875,223.0500030517578,222.5500030517578,222.66000366210938,815142,0.0,0.0
2024-09-13 14:45:00-04:00,222.6551971435547,222.74000549316406,222.41000366210938,222.4700927734375,695389,0.0,0.0
2024-09-13 15:00:00-04:00,222.46499633789062,222.60719299316406,222.33120727539062,222.42579650878906,841091,0.0,0.0
2024-09-13 15:15:00-04:00,222.42019653320312,222.75,222.3800048828125,222.53399658203125,799119,0.0,0.0
2024-09-13 15:30:00-04:00,222.5399932861328,222.8000030517578,222.30999755859375,222.77000427246094,1134132,0.0,0.0
2024-09-13 15:45:00-04:00,222.75999450683594,222.84300231933594,222.3300018310547,222.4600067138672,3292135,0.0,0.0
2024-09-16 09:30:00-04:00,216.47000122070312,216.52000427246094,213.9199981689453,215.19000244140625,11842428,0.0,0.0
2024-09-16 09:45:00-04:00,215.08999633789062,216.00999450683594,214.77999877929688,215.19500732421875,3902062,0.0,0.0
2024-09-16 10:00:00-04:00,215.17999267578125,217.1999969482422,215.13999938964844,217.1649932861328,3319216,0.0,0.0
2024-09-16 10:15:00-04:00,217.16000366210938,217.1999969482422,216.22000122070312,216.66000366210938,2326558,0.0,0.0
2024-09-16 10:30:00-04:00,216.64010620117188,216.9149932861328,215.63999938964844,215.7050018310547,2206473,0.0,0.0
2024-09-16 10:45:00-04:00,215.71009826660156,215.85000610351562,215.02000427246094,215.3000030517578,2058132,0.0,0.0
2024-09-16 11:00:00-04:00,215.2899932861328,215.94000244140625,214.83999633789062,215.75,2229440,0.0,0.0
2024-09-16 11:15:00-04:00,215.69000244140625,216.5800018310547,215.55999755859375,216.55650329589844,1668031,0.0,0.0
2024-09-16 11:30:00-04:00,216.5500030517578,216.5800018310547,215.5800018310547,215.5800018310547,1384977,0.0,0.0
2024-09-16 11:45:00-04:00,215.5800018310547,216.14999389648438,215.5,215.9550018310547,1002040,0.0,0.0
2024-09-16 12:00:00-04:00,215.97000122070312,216.0500030517578,215.39999389648438,215.47500610351562,965150,0.0,0.0
2024-09-16 12:15:00-04:00,215.47500610351562,215.49000549316406,214.91000366210938,215.39999389648438,1500354,0.0,0.0
2024-09-16 12:30:00-04:00,215.38999938964844,215.4499969482422,214.92010498046875,215.1656036376953,1034177,0.0,0.0
2024-09-16 12:45:00-04:00,215.16000366210938,215.7100067138672,215.1199951171875,215.58999633789062,968287,0.0,0.0
2024-09-16 13:00:00-04:00,215.58560180664062,215.85940551757812,215.52000427246094,215.72000122070312,826400,0.0,0.0
2024-09-16 13:15:00-04:00,215.74000549316406,215.97999572753906,215.60000610351562,215.96499633789062,919278,0.0,0.0
2024-09-16 13:30:00-04:00,215.9600067138672,216.14999389648438,215.75,216.05999755859375,1058012,0.0,0.0
2024-09-16 13:45:00-04:00,216.10000610351562,216.39999389648438,216.0800018310547,216.22000122070312,890516,0.0,0.0
2024-09-16 14:00:00-04:00,216.21499633789062,216.49000549316406,216.11000061035156,216.27000427246094,901384,0.0,0.0
2024-09-16 14:15:00-04:00,216.26499938964844,216.52000427246094,216.22000122070312,216.42999267578125,756978,0.0,0.0
2024-09-16 14:30:00-04:00,216.4250030517578,216.4499969482422,216.281005859375,216.30999755859375,834150,0.0,0.0
2024-09-16 14:45:00-04:00,216.32000732421875,216.44979858398438,215.97999572753906,216.39999389648438,1107925,0.0,0.0
2024-09-16 15:00:00-04:00,216.40499877929688,216.466796875,216.1300048828125,216.1602020263672,1035132,0.0,0.0
2024-09-16 15:15:00-04:00,216.16000366210938,216.2899932861328,215.9199981689453,216.22500610351562,1166960,0.0,0.0
2024-09-16 15:30:00-04:00,216.22500610351562,216.6999969482422,216.22000122070312,216.52499389648438,1713808,0.0,0.0
2024-09-16 15:45:00-04:00,216.52999877929688,216.60000610351562,216.17999267578125,216.3000030517578,3518416,0.0,0.0
2024-09-17 09:30:00-04:00,215.5,216.2899932861328,214.5,216.0749969482422,5697305,0.0,0.0
2024-09-17 09:45:00-04:00,216.05999755859375,216.55999755859375,215.5500030517578,216.22000122070312,2305155,0.0,0.0
2024-09-17 10:00:00-04:00,216.24000549316406,216.4499053955078,215.72000122070312,215.9799041748047,1950603,0.0,0.0
2024-09-17 10:15:00-04:00,215.9499969482422,216.52999877929688,215.6199951171875,216.4199981689453,1584439,0.0,0.0
2024-09-17 10:30:00-04:00,216.39999389648438,216.6999969482422,216.0,216.47000122070312,1565584,0.0,0.0
2024-09-17 10:45:00-04:00,216.6374969482422,216.89999389648438,215.88999938964844,216.12989807128906,1575271,0.0,0.0
2024-09-17 11:00:00-04:00,216.10499572753906,216.36000061035156,215.9600067138672,216.2899932861328,1042055,0.0,0.0
2024-09-17 11:15:00-04:00,216.2949981689453,216.46499633789062,216.02999877929688,216.2050018310547,903709,0.0,0.0
2024-09-17 11:30:00-04:00,216.2100067138672,216.4199981689453,216.11000061035156,216.37989807128906,936334,0.0,0.0
2024-09-17 11:45:00-04:00,216.36500549316406,216.83999633789062,216.36500549316406,216.59010314941406,1214975,0.0,0.0
2024-09-17 12:00:00-04:00,216.60000610351562,216.6300048828125,216.08999633789062,216.2700958251953,938481,0.0,0.0
2024-09-17 12:15:00-04:00,216.27000427246094,216.27499389648438,215.50999450683594,215.75999450683594,1473579,0.0,0.0
2024-09-17 12:30:00-04:00,215.77000427246094,216.22999572753906,215.5,216.00999450683594,1127322,0.0,0.0
2024-09-17 12:45:00-04:00,215.99710083007812,216.08999633789062,215.22999572753906,215.7949981689453,1423472,0.0,0.0
2024-09-17 13:00:00-04:00,215.80999755859375,216.11000061035156,215.6300048828125,215.97999572753906,849210,0.0,0.0
2024-09-17 13:15:00-04:00,215.99000549316406,216.21499633789062,215.7801971435547,216.1699981689453,1529349,0.0,0.0
2024-09-17 13:30:00-04:00,216.16000366210938,216.38999938964844,215.2899932861328,215.3800048828125,785382,0.0,0.0
2024-09-17 13:45:00-04:00,215.36000061035156,216.16000366210938,215.05999755859375,216.13009643554688,969816,0.0,0.0
2024-09-17 14:00:00-04:00,216.13999938964844,216.38999938964844,216.05999755859375,216.1320037841797,712172,0.0,0.0
2024-09-17 14:15:00-04:00,216.13999938964844,216.3249969482422,215.89999389648438,216.14999389648438,737226,0.0,0.0
2024-09-17 14:30:00-04:00,216.13999938964844,216.16099548339844,215.86000061035156,215.9459991455078,735282,0.0,0.0
2024-09-17 14:45:00-04:00,215.94000244140625,216.00999450683594,215.3000030517578,215.83999633789062,879161,0.0,0.0
2024-09-17 15:00:00-04:00,215.82260131835938,216.24600219726562,215.7200927734375,216.23500061035156,924293,0.0,0.0
2024-09-17 15:15:00-04:00,216.22999572753906,216.6199951171875,216.1300048828125,216.61000061035156,1389413,0.0,0.0
2024-09-17 15:30:00-04:00,216.60000610351562,216.74000549316406,216.1699981689453,216.4250030517578,1427332,0.0,0.0
2024-09-17 15:45:00-04:00,216.4199981689453,216.85000610351562,216.30999755859375,216.85000610351562,3306195,0.0,0.0
2024-09-18 09:30:00-04:00,218.25,219.5299072265625,218.1721954345703,219.07000732421875,5228964,0.0,0.0
2024-09-18 09:45:00-04:00,219.05999755859375,219.39999389648438,218.4600067138672,219.1999969482422,2129128,0.0,0.0
2024-09-18 10:00:00-04:00,219.2100067138672,219.9499969482422,218.97999572753906,219.91000366210938,2147162,0.0,0.0
2024-09-18 10:15:00-04:00,219.9199981689453,220.73500061035156,219.21499633789062,220.73500061035156,2214516,0.0,0.0
2024-09-18 10:30:00-04:00,220.7301025390625,221.61000061035156,220.4600067138672,221.5399932861328,2741010,0.0,0.0
2024-09-18 10:45:00-04:00,221.53500366210938,221.56939697265625,220.86000061035156,220.92999267578125,2233780,0.0,0.0
2024-09-18 11:00:00-04:00,220.93499755859375,221.39990234375,220.72000122070312,220.91000366210938,1686757,0.0,0.0
2024-09-18 11:15:00-04:00,220.9199981689453,220.94500732421875,220.25100708007812,220.6300048828125,1494998,0.0,0.0
2024-09-18 11:30:00-04:00,220.63999938964844,220.65499877929688,219.75999450683594,219.83999633789062,1493043,0.0,0.0
2024-09-18 11:45:00-04:00,219.85000610351562,220.0885009765625,219.52000427246094,219.6114959716797,1223187,0.0,0.0
2024-09-18 12:00:00-04:00,219.61000061035156,220.3800048828125,219.5500030517578,220.32000732421875,905726,0.0,0.0
2024-09-18 12:15:00-04:00,220.32159423828125,220.86990356445312,220.32159423828125,220.80999755859375,1108487,0.0,0.0
2024-09-18 12:30:00-04:00,220.8000030517578,221.0,220.25999450683594,220.8000030517578,1127869,0.0,0.0
2024-09-18 12:45:00-04:00,220.7949981689453,221.35000610351562,220.72999572753906,221.28500366210938,1167351,0.0,0.0
2024-09-18 13:00:00-04:00,221.28500366210938,221.33999633789062,220.8800048828125,221.00999450683594,1052511,0.0,0.0
2024-09-18 13:15:00-04:00,221.02000427246094,221.32000732421875,220.90089416503906,221.21009826660156,1315478,0.0,0.0
2024-09-18 13:30:00-04:00,221.22000122070312,221.52000427246094,220.66000366210938,220.88999938964844,1089150,0.0,0.0
2024-09-18 13:45:00-04:00,220.89999389648438,220.9687042236328,220.3699951171875,220.6815948486328,1005620,0.0,0.0
2024-09-18 14:00:00-04:00,220.6300048828125,222.6999969482422,219.92999267578125,221.08999633789062,3457613,0.0,0.0
2024-09-18 14:15:00-04:00,221.17999267578125,222.22999572753906,220.97000122070312,221.4073028564453,1864726,0.0,0.0
2024-09-18 14:30:00-04:00,221.4958953857422,221.85000610351562,219.83999633789062,220.31500244140625,1888482,0.0,0.0
2024-09-18 14:45:00-04:00,220.25,221.25,220.0500030517578,220.0500946044922,1427224,0.0,0.0
2024-09-18 15:00:00-04:00,220.04800415039062,220.50689697265625,218.92999267578125,220.39999389648438,2194495,0.0,0.0
2024-09-18 15:15:00-04:00,220.35000610351562,221.77000427246094,219.4499969482422,221.5,1798927,0.0,0.0
2024-09-18 15:30:00-04:00,221.5399932861328,221.80999755859375,220.75,220.8000030517578,1909714,0.0,0.0
2024-09-18 15:45:00-04:00,220.82000732421875,221.0500030517578,219.8800048828125,220.69000244140625,4337992,0.0,0.0
2024-09-19 09:30:00-04:00,225.0,226.86000061035156,224.63999938964844,226.80999755859375,7009875,0.0,0.0
2024-09-19 09:45:00-04:00,227.21499633789062,227.4199981689453,226.69000244140625,227.30999755859375,4079822,0.0,0.0
2024-09-19 10:00:00-04:00,227.2899932861328,228.72999572753906,227.25,228.7100067138672,3813058,0.0,0.0
2024-09-19 10:15:00-04:00,228.61000061035156,229.60000610351562,228.42999267578125,229.4949951171875,3337753,0.0,0.0
2024-09-19 10:30:00-04:00,229.58999633789062,229.74000549316406,228.72999572753906,228.9600067138672,2715629,0.0,0.0
2024-09-19 10:45:00-04:00,228.77000427246094,228.88999938964844,227.76010131835938,227.94020080566406,2074222,0.0,0.0
2024-09-19 11:00:00-04:00,227.94000244140625,228.4199981689453,227.66000366210938,228.23500061035156,2071145,0.0,0.0
2024-09-19 11:15:00-04:00,228.22500610351562,228.75,228.02130126953125,228.49000549316406,1985332,0.0,0.0
2024-09-19 11:30:00-04:00,228.48460388183594,228.75,228.0,228.52000427246094,2301804,0.0,0.0
2024-09-19 11:45:00-04:00,228.49000549316406,228.86990356445312,228.1699981689453,228.3699951171875,1009771,0.0,0.0
2024-09-19 12:00:00-04:00,228.3699951171875,229.05499267578125,228.27999877929688,228.72999572753906,1021035,0.0,0.0
2024-09-19 12:15:00-04:00,228.72500610351562,229.17999267578125,228.55999755859375,228.9949951171875,1396984,0.0,0.0
2024-09-19 12:30:00-04:00,228.99000549316406,229.1699981689453,228.7899932861328,229.0500030517578,1082810,0.0,0.0
2024-09-19 12:45:00-04:00,229.04010009765625,229.3300018310547,229.02000427246094,229.17999267578125,986338,0.0,0.0
2024-09-19 13:00:00-04:00,229.17999267578125,229.25,228.72079467773438,228.97000122070312,890157,0.0,0.0
2024-09-19 13:15:00-04:00,228.97000122070312,229.19610595703125,228.8699951171875,229.17010498046875,1139050,0.0,0.0
2024-09-19 13:30:00-04:00,229.17689514160156,229.25999450683594,228.97000122070312,229.19500732421875,846092,0.0,0.0
2024-09-19 13:45:00-04:00,229.1968994140625,229.45570373535156,229.14999389648438,229.3800048828125,1257535,0.0,0.0
2024-09-19 14:00:00-04:00,229.3800048828125,229.44000244140625,229.07960510253906,229.07960510253906,930249,0.0,0.0
2024-09-19 14:15:00-04:00,229.08399963378906,229.08999633789062,228.39999389648438,228.8699951171875,1376565,0.0,0.0
2024-09-19 14:30:00-04:00,228.8699951171875,229.07000732421875,228.8000030517578,228.97999572753906,974084,0.0,0.0
2024-09-19 14:45:00-04:00,228.97999572753906,229.32989501953125,228.76010131835938,229.32000732421875,1024834,0.0,0.0
2024-09-19 15:00:00-04:00,229.32000732421875,229.42990112304688,229.10000610351562,229.197998046875,1129404,0.0,0.0
2024-09-19 15:15:00-04:00,229.1999969482422,229.49000549316406,228.83999633789062,229.46719360351562,1686979,0.0,0.0
2024-09-19 15:30:00-04:00,229.4600067138672,229.58999633789062,229.0850067138672,229.1649932861328,1787714,0.0,0.0
2024-09-19 15:45:00-04:00,229.15499877929688,229.47999572753906,228.2899932861328,228.82000732421875,5589017,0.0,0.0
2024-09-20 09:30:00-04:00,230.1300048828125,231.16000366210938,229.3011016845703,229.65499877929688,17685487,0.0,0.0
2024-09-20 09:45:00-04:00,229.75010681152344,230.38999938964844,229.50999450683594,230.0,4978218,0.0,0.0
2024-09-20 10:00:00-04:00,230.0,230.3572998046875,229.61000061035156,229.80999755859375,2304026,0.0,0.0
2024-09-20 10:15:00-04:00,229.80999755859375,230.07000732421875,229.3699951171875,230.0345001220703,4016800,0.0,0.0
2024-09-20 10:30:00-04:00,230.02999877929688,230.5800018310547,229.5800018310547,230.50399780273438,2400390,0.0,0.0
2024-09-20 10:45:00-04:00,230.47000122070312,230.5500030517578,229.89999389648438,230.30499267578125,1948842,0.0,0.0
2024-09-20 11:00:00-04:00,230.30499267578125,230.48500061035156,229.6199951171875,229.63999938964844,1781245,0.0,0.0
2024-09-20 11:15:00-04:00,229.64199829101562,230.2100067138672,229.1999969482422,229.77000427246094,6366666,0.0,0.0
2024-09-20 11:30:00-04:00,229.75999450683594,230.6999969482422,229.74000549316406,230.625,2666714,0.0,0.0
2024-09-20 11:45:00-04:00,230.6300048828125,230.9499053955078,230.39999389648438,230.80999755859375,1866619,0.0,0.0
2024-09-20 12:00:00-04:00,230.8000030517578,231.47999572753906,230.75,231.343994140625,1930098,0.0,0.0
2024-09-20 12:15:00-04:00,231.343994140625,231.74000549316406,231.1501007080078,231.72999572753906,1451288,0.0,0.0
2024-09-20 12:30:00-04:00,231.72000122070312,231.75,231.33009338378906,231.52999877929688,1452643,0.0,0.0
2024-09-20 12:45:00-04:00,231.52999877929688,231.9199981689453,231.4600067138672,231.84500122070312,1520476,0.0,0.0
2024-09-20 13:00:00-04:00,231.84500122070312,231.89999389648438,231.35000610351562,231.67100524902344,1636955,0.0,0.0
2024-09-20 13:15:00-04:00,231.6851043701172,231.72000122070312,230.61000061035156,230.75,1875809,0.0,0.0
2024-09-20 13:30:00-04:00,230.74000549316406,231.25999450683594,230.65390014648438,230.6649932861328,1638200,0.0,0.0
2024-09-20 13:45:00-04:00,230.64999389648438,230.97999572753906,230.61000061035156,230.6649932861328,1803219,0.0,0.0
2024-09-20 14:00:00-04:00,230.6649932861328,230.77999877929688,229.60000610351562,230.0800018310547,2574185,0.0,0.0
2024-09-20 14:15:00-04:00,230.08050537109375,230.1999969482422,229.60000610351562,229.77720642089844,1854876,0.0,0.0
2024-09-20 14:30:00-04:00,229.77000427246094,230.27999877929688,229.5,229.96099853515625,2348517,0.0,0.0
2024-09-20 14:45:00-04:00,229.96600341796875,231.61000061035156,229.94000244140625,231.47999572753906,3044056,0.0,0.0
2024-09-20 15:00:00-04:00,231.47799682617188,231.61000061035156,231.1999969482422,231.44500732421875,2500102,0.0,0.0
2024-09-20 15:15:00-04:00,231.44500732421875,232.0,231.39999389648438,231.97500610351562,2654287,0.0,0.0
2024-09-20 15:30:00-04:00,231.97500610351562,233.08999633789062,231.8112030029297,232.91000366210938,5287864,0.0,0.0
2024-09-20 15:45:00-04:00,232.89999389648438,232.9199981689453,227.6199951171875,228.52999877929688,20254248,0.0,0.0
2024-09-23 09:30:00-04:00,227.33999633789062,227.83999633789062,225.86000061035156,227.30499267578125,7058100,0.0,0.0
2024-09-23 09:45:00-04:00,227.2899932861328,227.8000030517578,226.88999938964844,226.93499755859375,2191568,0.0,0.0
2024-09-23 10:00:00-04:00,226.93499755859375,227.2393035888672,226.2899932861328,226.5,2050557,0.0,0.0
2024-09-23 10:15:00-04:00,226.52000427246094,228.07000732421875,226.46499633789062,228.00999450683594,2071616,0.0,0.0
2024-09-23 10:30:00-04:00,228.00999450683594,228.38999938964844,227.6300048828125,228.3094940185547,1631895,0.0,0.0
2024-09-23 10:45:00-04:00,228.30999755859375,229.4499969482422,228.22999572753906,228.7050018310547,2823898,0.0,0.0
2024-09-23 11:00:00-04:00,228.70010375976562,228.8800048828125,228.55999755859375,228.6699981689453,1156746,0.0,0.0
2024-09-23 11:15:00-04:00,228.66000366210938,228.8000030517578,228.25999450683594,228.6533966064453,915361,0.0,0.0
2024-09-23 11:30:00-04:00,228.66000366210938,228.89999389648438,228.27999877929688,228.27999877929688,811045,0.0,0.0
2024-09-23 11:45:00-04:00,228.27999877929688,228.47999572753906,228.10000610351562,228.33999633789062,750634,0.0,0.0
2024-09-23 12:00:00-04:00,228.33889770507812,228.33889770507812,227.35000610351562,227.5126953125,943784,0.0,0.0
2024-09-23 12:15:00-04:00,227.51499938964844,227.52000427246094,226.92999267578125,226.94000244140625,1070305,0.0,0.0
2024-09-23 12:30:00-04:00,226.94000244140625,227.41000366210938,226.75,226.88999938964844,793623,0.0,0.0
2024-09-23 12:45:00-04:00,226.88999938964844,227.04989624023438,226.67999267578125,226.760498046875,768763,0.0,0.0
2024-09-23 13:00:00-04:00,226.77000427246094,227.139892578125,226.6300048828125,226.86000061035156,990936,0.0,0.0
2024-09-23 13:15:00-04:00,226.86000061035156,227.0500030517578,226.62010192871094,226.74000549316406,675306,0.0,0.0
2024-09-23 13:30:00-04:00,226.74899291992188,226.97999572753906,226.50999450683594,226.55999755859375,790517,0.0,0.0
2024-09-23 13:45:00-04:00,226.55999755859375,227.13999938964844,226.5500030517578,227.10000610351562,798777,0.0,0.0
2024-09-23 14:00:00-04:00,227.0800018310547,227.17999267578125,226.75,226.76800537109375,638476,0.0,0.0
2024-09-23 14:15:00-04:00,226.75,226.89999389648438,226.61000061035156,226.67999267578125,693722,0.0,0.0
2024-09-23 14:30:00-04:00,226.69000244140625,226.75999450683594,226.52000427246094,226.61129760742188,533397,0.0,0.0
2024-09-23 14:45:00-04:00,226.6199951171875,226.7572021484375,226.48500061035156,226.67999267578125,663740,0.0,0.0
2024-09-23 15:00:00-04:00,226.67999267578125,226.7050018310547,225.89999389648438,226.00999450683594,1181021,0.0,0.0
2024-09-23 15:15:00-04:00,226.00999450683594,226.389892578125,226.0,226.2899932861328,1247455,0.0,0.0
2024-09-23 15:30:00-04:00,226.27999877929688,226.6999969482422,225.87440490722656,225.99000549316406,1627123,0.0,0.0
2024-09-23 15:45:00-04:00,225.99000549316406,226.63999938964844,225.80999755859375,226.4499969482422,2770330,0.0,0.0
2024-09-24 09:30:00-04:00,228.64500427246094,229.35000610351562,227.27000427246094,227.3300018310547,3366913,0.0,0.0
2024-09-24 09:45:00-04:00,227.3300018310547,227.94000244140625,227.1699981689453,227.41000366210938,1327239,0.0,0.0
2024-09-24 10:00:00-04:00,227.41000366210938,227.42999267578125,226.42999267578125,226.47999572753906,1800788,0.0,0.0
2024-09-24 10:15:00-04:00,226.47999572753906,226.8300018310547,226.0500030517578,226.07000732421875,1091115,0.0,0.0
2024-09-24 10:30:00-04:00,226.07000732421875,226.35000610351562,225.74000549316406,225.9949951171875,1424904,0.0,0.0
2024-09-24 10:45:00-04:00,225.97999572753906,227.3000030517578,225.9550018310547,227.18499755859375,1215826,0.0,0.0
2024-09-24 11:00:00-04:00,227.18569946289062,227.47999572753906,227.13999938964844,227.3699951171875,935750,0.0,0.0
2024-09-24 11:15:00-04:00,227.3800048828125,227.47039794921875,226.92999267578125,227.01210021972656,579336,0.0,0.0
2024-09-24 11:30:00-04:00,227.02000427246094,227.1199951171875,226.6999969482422,226.85629272460938,586651,0.0,0.0
2024-09-24 11:45:00-04:00,226.8300018310547,227.61500549316406,226.80999755859375,227.4499969482422,750622,0.0,0.0
2024-09-24 12:00:00-04:00,227.46499633789062,227.73939514160156,227.4600067138672,227.72000122070312,523591,0.0,0.0
2024-09-24 12:15:00-04:00,227.7100067138672,227.7100067138672,227.44000244140625,227.5500030517578,1023709,0.0,0.0
2024-09-24 12:30:00-04:00,227.5399932861328,227.75999450683594,227.3300018310547,227.43719482421875,538223,0.0,0.0
2024-09-24 12:45:00-04:00,227.44500732421875,227.5500030517578,226.97000122070312,227.0,517518,0.0,0.0
2024-09-24 13:00:00-04:00,227.01950073242188,227.1898956298828,226.80999755859375,227.0800018310547,551428,0.0,0.0
2024-09-24 13:15:00-04:00,227.0850067138672,227.29989624023438,227.02000427246094,227.24000549316406,542010,0.0,0.0
2024-09-24 13:30:00-04:00,227.24220275878906,227.47999572753906,227.14999389648438,227.29800415039062,477638,0.0,0.0
2024-09-24 13:45:00-04:00,227.3000030517578,227.42999267578125,227.19000244140625,227.2899932861328,481088,0.0,0.0
2024-09-24 14:00:00-04:00,227.32000732421875,227.38999938964844,226.89999389648438,227.14500427246094,464759,0.0,0.0
2024-09-24 14:15:00-04:00,227.14990234375,227.15980529785156,226.80999755859375,226.8791046142578,513003,0.0,0.0
2024-09-24 14:30:00-04:00,226.8699951171875,227.05880737304688,226.5399932861328,226.92999267578125,542008,0.0,0.0
2024-09-24 14:45:00-04:00,226.92999267578125,226.98500061035156,226.7100067138672,226.8699951171875,460820,0.0,0.0
2024-09-24 15:00:00-04:00,226.86000061035156,226.99989318847656,226.83999633789062,226.89500427246094,454114,0.0,0.0
2024-09-24 15:15:00-04:00,226.88999938964844,227.08999633789062,226.86500549316406,227.0260009765625,542614,0.0,0.0
2024-09-24 15:30:00-04:00,227.0399932861328,227.25,227.00999450683594,227.05999755859375,1275637,0.0,0.0
2024-09-24 15:45:00-04:00,227.08990478515625,227.5,226.3699951171875,227.36000061035156,3381322,0.0,0.0
2024-09-25 09:30:00-04:00,225.25,226.0500030517578,224.61000061035156,225.57000732421875,4192989,0.0,0.0
2024-09-25 09:45:00-04:00,225.58999633789062,226.97000122070312,225.5500030517578,226.88999938964844,1682408,0.0,0.0
2024-09-25 10:00:00-04:00,226.89500427246094,227.2899932861328,226.61000061035156,227.1300048828125,1272944,0.0,0.0
2024-09-25 10:15:00-04:00,227.11000061035156,227.2100067138672,226.1300048828125,226.38499450683594,1325795,0.0,0.0
2024-09-25 10:30:00-04:00,226.27000427246094,226.60000610351562,226.1999969482422,226.39999389648438,1300796,0.0,0.0
2024-09-25 10:45:00-04:00,226.5399932861328,226.79989624023438,226.33099365234375,226.37100219726562,892903,0.0,0.0
2024-09-25 11:00:00-04:00,226.37989807128906,226.64999389648438,226.02000427246094,226.11109924316406,748661,0.0,0.0
2024-09-25 11:15:00-04:00,226.11000061035156,226.1300048828125,225.3800048828125,225.4499969482422,1163370,0.0,0.0
2024-09-25 11:30:00-04:00,225.39999389648438,225.8820037841797,225.32000732421875,225.76400756835938,924649,0.0,0.0
2024-09-25 11:45:00-04:00,225.7698974609375,225.7698974609375,225.32000732421875,225.50999450683594,713190,0.0,0.0
2024-09-25 12:00:00-04:00,225.52999877929688,225.61500549316406,225.38999938964844,225.50010681152344,524401,0.0,0.0
2024-09-25 12:15:00-04:00,225.52000427246094,225.98989868164062,225.45889282226562,225.87010192871094,611074,0.0,0.0
2024-09-25 12:30:00-04:00,225.86000061035156,226.02000427246094,225.64999389648438,225.69500732421875,474827,0.0,0.0
2024-09-25 12:45:00-04:00,225.69000244140625,225.8800048828125,225.5399932861328,225.79989624023438,974503,0.0,0.0
2024-09-25 13:00:00-04:00,225.8000030517578,225.88169860839844,225.27099609375,225.4199981689453,761205,0.0,0.0
2024-09-25 13:15:00-04:00,225.4199981689453,225.6300048828125,225.27000427246094,225.36000061035156,565477,0.0,0.0
2024-09-25 13:30:00-04:00,225.35000610351562,225.4499969482422,225.02999877929688,225.11000061035156,649314,0.0,0.0
2024-09-25 13:45:00-04:00,225.08999633789062,225.1898956298828,224.82000732421875,224.9600067138672,1129039,0.0,0.0
2024-09-25 14:00:00-04:00,224.97000122070312,225.08999633789062,224.08999633789062,224.14999389648438,1600491,0.0,0.0
2024-09-25 14:15:00-04:00,224.1501007080078,224.89999389648438,224.02999877929688,224.89999389648438,1172119,0.0,0.0
2024-09-25 14:30:00-04:00,224.88999938964844,225.0,224.76499938964844,224.96499633789062,718136,0.0,0.0
2024-09-25 14:45:00-04:00,224.96499633789062,225.10000610351562,224.9250030517578,224.9355010986328,669585,0.0,0.0
2024-09-25 15:00:00-04:00,224.92999267578125,225.1300048828125,224.91000366210938,225.0749969482422,664827,0.0,0.0
2024-09-25 15:15:00-04:00,225.0800018310547,225.32000732421875,224.99000549316406,225.25990295410156,697556,0.0,0.0
2024-09-25 15:30:00-04:00,225.25,225.50999450683594,225.19000244140625,225.3249969482422,1061472,0.0,0.0
2024-09-25 15:45:00-04:00,225.33999633789062,226.44000244140625,225.3300018310547,226.30999755859375,2991316,0.0,0.0
2024-09-26 09:30:00-04:00,227.0,227.09970092773438,225.91000366210938,225.9499969482422,3863369,0.0,0.0
2024-09-26 09:45:00-04:00,226.0,226.67999267578125,225.88999938964844,226.52000427246094,1972868,0.0,0.0
2024-09-26 10:00:00-04:00,226.50999450683594,226.9499969482422,226.0500030517578,226.63999938964844,1322660,0.0,0.0
2024-09-26 10:15:00-04:00,226.6300048828125,227.07000732421875,226.4633026123047,226.89999389648438,909151,0.0,0.0
2024-09-26 10:30:00-04:00,226.91000366210938,228.07000732421875,226.52999877929688,228.00660705566406,1863971,0.0,0.0
2024-09-26 10:45:00-04:00,228.02999877929688,228.5,227.1501007080078,227.16000366210938,1736557,0.0,0.0
2024-09-26 11:00:00-04:00,227.19000244140625,227.94000244140625,227.02999877929688,227.14999389648438,1105723,0.0,0.0
2024-09-26 11:15:00-04:00,227.14500427246094,227.39990234375,226.85009765625,227.3896942138672,944134,0.0,0.0
2024-09-26 11:30:00-04:00,227.38650512695312,227.44000244140625,226.67999267578125,227.38999938964844,1354960,0.0,0.0
2024-09-26 11:45:00-04:00,227.3800048828125,227.82000732421875,227.14999389648438,227.6999969482422,701211,0.0,0.0
2024-09-26 12:00:00-04:00,227.69000244140625,227.6999969482422,227.08700561523438,227.1199951171875,488073,0.0,0.0
2024-09-26 12:15:00-04:00,227.14999389648438,227.42849731445312,227.01400756835938,227.30999755859375,448134,0.0,0.0
2024-09-26 12:30:00-04:00,227.31500244140625,227.3699951171875,226.9980010986328,227.32000732421875,348022,0.0,0.0
2024-09-26 12:45:00-04:00,227.3249969482422,227.39999389648438,227.10000610351562,227.25669860839844,400742,0.0,0.0
2024-09-26 13:00:00-04:00,227.24000549316406,227.2899932861328,226.92999267578125,226.9499969482422,482387,0.0,0.0
2024-09-26 13:15:00-04:00,226.96060180664062,227.1999053955078,226.6699981689453,227.15499877929688,588216,0.0,0.0
2024-09-26 13:30:00-04:00,227.15499877929688,227.47999572753906,227.14999389648438,227.4499969482422,612067,0.0,0.0
2024-09-26 13:45:00-04:00,227.44000244140625,227.49000549316406,227.05499267578125,227.13499450683594,559291,0.0,0.0
2024-09-26 14:00:00-04:00,227.14999389648438,227.3699951171875,226.9709930419922,227.32009887695312,535416,0.0,0.0
2024-09-26 14:15:00-04:00,227.33999633789062,227.7100067138672,227.3300018310547,227.7050018310547,563592,0.0,0.0
2024-09-26 14:30:00-04:00,227.7100067138672,227.83999633789062,227.60000610351562,227.6363983154297,481519,0.0,0.0
2024-09-26 14:45:00-04:00,227.62010192871094,227.84140014648438,227.52999877929688,227.76499938964844,697173,0.0,0.0
2024-09-26 15:00:00-04:00,227.77999877929688,227.86500549316406,227.61000061035156,227.8000030517578,565301,0.0,0.0
2024-09-26 15:15:00-04:00,227.7899932861328,227.7899932861328,227.46200561523438,227.5749969482422,643950,0.0,0.0
2024-09-26 15:30:00-04:00,227.5800018310547,227.7899932861328,227.3300018310547,227.3699951171875,833915,0.0,0.0
2024-09-26 15:45:00-04:00,227.3699951171875,227.74000549316406,226.99000549316406,227.6199951171875,3100534,0.0,0.0
2024-09-27 09:30:00-04:00,229.0,229.29989624023438,227.99000549316406,228.05990600585938,3030636,0.0,0.0
2024-09-27 09:45:00-04:00,228.05999755859375,229.1999969482422,228.05999755859375,228.8000030517578,1452998,0.0,0.0
2024-09-27 10:00:00-04:00,228.80999755859375,229.52000427246094,228.77999877929688,229.0399932861328,1592896,0.0,0.0
2024-09-27 10:15:00-04:00,229.0399932861328,229.2698974609375,228.83999633789062,228.96499633789062,998486,0.0,0.0
2024-09-27 10:30:00-04:00,228.96499633789062,229.00999450683594,228.5,228.57200622558594,1018801,0.0,0.0
2024-09-27 10:45:00-04:00,228.57310485839844,229.07000732421875,228.55999755859375,228.63999938964844,790271,0.0,0.0
2024-09-27 11:00:00-04:00,228.63999938964844,228.63999938964844,227.9373016357422,228.16299438476562,1058020,0.0,0.0
2024-09-27 11:15:00-04:00,228.16000366210938,228.24000549316406,227.83999633789062,228.1300048828125,1204277,0.0,0.0
2024-09-27 11:30:00-04:00,228.1199951171875,228.25,227.6699981689453,228.11000061035156,646609,0.0,0.0
2024-09-27 11:45:00-04:00,228.1300048828125,228.1699981689453,227.3000030517578,227.50999450683594,1476680,0.0,0.0
2024-09-27 12:00:00-04:00,227.50999450683594,227.9499969482422,227.44000244140625,227.69000244140625,589144,0.0,0.0
2024-09-27 12:15:00-04:00,227.70010375976562,228.25,227.64309692382812,228.14999389648438,626925,0.0,0.0
2024-09-27 12:30:00-04:00,228.13999938964844,228.33999633789062,228.052001953125,228.30990600585938,415492,0.0,0.0
2024-09-27 12:45:00-04:00,228.2899932861328,228.3282928466797,228.02000427246094,228.32000732421875,444536,0.0,0.0
2024-09-27 13:00:00-04:00,228.33999633789062,228.6199951171875,228.01829528808594,228.0500030517578,613998,0.0,0.0
2024-09-27 13:15:00-04:00,228.06500244140625,228.16000366210938,227.9199981689453,227.9949951171875,440183,0.0,0.0
2024-09-27 13:30:00-04:00,227.99000549316406,228.14869689941406,227.80999755859375,228.05499267578125,426746,0.0,0.0
2024-09-27 13:45:00-04:00,228.07000732421875,228.38409423828125,227.8800048828125,228.36500549316406,435451,0.0,0.0
2024-09-27 14:00:00-04:00,228.36000061035156,228.52000427246094,227.89999389648438,227.9521026611328,587054,0.0,0.0
2024-09-27 14:15:00-04:00,227.9499969482422,228.13999938964844,227.8300018310547,227.89500427246094,559445,0.0,0.0
2024-09-27 14:30:00-04:00,227.89999389648438,227.931396484375,227.52999877929688,227.8000030517578,621164,0.0,0.0
2024-09-27 14:45:00-04:00,227.7899932861328,228.19000244140625,227.7899932861328,228.10659790039062,464024,0.0,0.0
2024-09-27 15:00:00-04:00,228.11000061035156,228.1199951171875,227.86000061035156,227.93499755859375,495354,0.0,0.0
2024-09-27 15:15:00-04:00,227.92999267578125,228.1300048828125,227.66409301757812,227.80999755859375,584614,0.0,0.0
2024-09-27 15:30:00-04:00,227.82000732421875,227.8800048828125,227.5500030517578,227.69000244140625,700912,0.0,0.0
2024-09-27 15:45:00-04:00,227.69000244140625,228.0,227.5500030517578,227.82000732421875,3002242,0.0,0.0
2024-09-30 09:30:00-04:00,231.0,232.34120178222656,230.94000244140625,231.5399932861328,7113322,0.0,0.0
2024-09-30 09:45:00-04:00,231.55499267578125,231.89999389648438,230.72000122070312,230.9250030517578,1796420,0.0,0.0
2024-09-30 10:00:00-04:00,230.9250030517578,231.3300018310547,230.5399932861328,230.6320037841797,1368732,0.0,0.0
2024-09-30 10:15:00-04:00,230.63999938964844,231.0,230.30999755859375,230.97999572753906,1509043,0.0,0.0
2024-09-30 10:30:00-04:00,230.97000122070312,231.5,230.75,231.09010314941406,1217156,0.0,0.0
2024-09-30 10:45:00-04:00,231.1199951171875,231.75999450683594,231.10009765625,231.61000061035156,1028511,0.0,0.0
2024-09-30 11:00:00-04:00,231.5449981689453,231.91000366210938,231.3800048828125,231.7899932861328,1132697,0.0,0.0
2024-09-30 11:15:00-04:00,231.7949981689453,232.04989624023438,231.52000427246094,231.89999389648438,1210930,0.0,0.0
2024-09-30 11:30:00-04:00,232.02000427246094,232.17990112304688,231.8300018310547,232.0500030517578,1105086,0.0,0.0
2024-09-30 11:45:00-04:00,232.0500030517578,232.42999267578125,231.94000244140625,232.25,974518,0.0,0.0
2024-09-30 12:00:00-04:00,232.25,232.52000427246094,232.13999938964844,232.3300018310547,1079754,0.0,0.0
2024-09-30 12:15:00-04:00,232.35000610351562,232.53829956054688,232.0800018310547,232.1199951171875,788579,0.0,0.0
2024-09-30 12:30:00-04:00,232.1199951171875,232.19309997558594,231.82000732421875,232.11000061035156,679135,0.0,0.0
2024-09-30 12:45:00-04:00,232.10000610351562,232.1999969482422,231.74000549316406,231.7877960205078,540999,0.0,0.0
2024-09-30 13:00:00-04:00,231.77999877929688,232.03990173339844,231.38999938964844,231.4550018310547,734586,0.0,0.0
2024-09-30 13:15:00-04:00,231.4550018310547,231.9600067138672,231.30999755859375,231.64500427246094,546046,0.0,0.0
2024-09-30 13:30:00-04:00,231.64999389648438,231.80999755859375,231.32029724121094,231.5,602573,0.0,0.0
2024-09-30 13:45:00-04:00,231.5,232.0,231.42999267578125,231.83999633789062,667026,0.0,0.0
2024-09-30 14:00:00-04:00,231.8249969482422,231.889892578125,231.44320678710938,231.50999450683594,622335,0.0,0.0
2024-09-30 14:15:00-04:00,231.5,231.55560302734375,230.5500030517578,231.00999450683594,1213420,0.0,0.0
2024-09-30 14:30:00-04:00,231.0,231.80999755859375,230.77639770507812,231.8000946044922,920481,0.0,0.0
2024-09-30 14:45:00-04:00,231.82000732421875,231.91000366210938,231.57000732421875,231.75160217285156,666451,0.0,0.0
2024-09-30 15:00:00-04:00,231.72500610351562,231.8300018310547,231.32000732421875,231.4149932861328,917312,0.0,0.0
2024-09-30 15:15:00-04:00,231.4149932861328,231.4799041748047,231.0399932861328,231.22000122070312,881586,0.0,0.0
2024-09-30 15:30:00-04:00,231.2050018310547,231.42999267578125,231.11000061035156,231.38999938964844,1132873,0.0,0.0
2024-09-30 15:45:00-04:00,231.38999938964844,233.0,231.32009887695312,233.0,7945125,0.0,0.0
2024-10-01 09:30:00-04:00,228.5,228.77000427246094,226.30999755859375,226.58999633789062,9343705,0.0,0.0
2024-10-01 09:45:00-04:00,226.80999755859375,226.90899658203125,225.6199951171875,226.125,3862802,0.0,0.0
2024-10-01 10:00:00-04:00,226.11480712890625,226.2899932861328,225.1699981689453,225.3699951171875,3142516,0.0,0.0
2024-10-01 10:15:00-04:00,225.3699951171875,225.3699951171875,224.66000366210938,224.9600067138672,2436836,0.0,0.0
2024-10-01 10:30:00-04:00,224.6999969482422,225.47000122070312,224.5399932861328,225.2100067138672,1944924,0.0,0.0
2024-10-01 10:45:00-04:00,225.23500061035156,225.3800048828125,224.86000061035156,225.32000732421875,1386229,0.0,0.0
2024-10-01 11:00:00-04:00,225.1407928466797,225.1407928466797,224.52000427246094,224.7899932861328,1492250,0.0,0.0
2024-10-01 11:15:00-04:00,224.78500366210938,225.5,224.681396484375,225.47500610351562,2415147,0.0,0.0
2024-10-01 11:30:00-04:00,225.47000122070312,225.94000244140625,225.0500030517578,225.69009399414062,1411769,0.0,0.0
2024-10-01 11:45:00-04:00,225.69000244140625,225.77000427246094,225.2100067138672,225.22000122070312,1007891,0.0,0.0
2024-10-01 12:00:00-04:00,225.2100067138672,225.82000732421875,225.0749969482422,225.2899932861328,973271,0.0,0.0
2024-10-01 12:15:00-04:00,225.30999755859375,225.65139770507812,225.2050018310547,225.31300354003906,1843331,0.0,0.0
2024-10-01 12:30:00-04:00,225.3000030517578,225.39500427246094,224.42999267578125,224.5189971923828,1270330,0.0,0.0
2024-10-01 12:45:00-04:00,224.5395050048828,225.0,224.26780700683594,224.75,1106685,0.0,0.0
2024-10-01 13:00:00-04:00,224.75999450683594,224.77000427246094,224.2100067138672,224.22999572753906,901762,0.0,0.0
2024-10-01 13:15:00-04:00,224.23500061035156,224.24000549316406,223.74000549316406,223.92999267578125,1350280,0.0,0.0
2024-10-01 13:30:00-04:00,223.92999267578125,224.63999938964844,223.83999633789062,224.54010009765625,1165026,0.0,0.0
2024-10-01 13:45:00-04:00,224.5500030517578,225.16000366210938,224.36000061035156,225.1300048828125,1071285,0.0,0.0
2024-10-01 14:00:00-04:00,225.1199951171875,225.57989501953125,225.06260681152344,225.4499969482422,1041431,0.0,0.0
2024-10-01 14:15:00-04:00,225.4199981689453,225.63999938964844,225.17999267578125,225.4600067138672,838205,0.0,0.0
2024-10-01 14:30:00-04:00,225.44000244140625,225.73500061035156,225.24600219726562,225.46499633789062,957129,0.0,0.0
2024-10-01 14:45:00-04:00,225.46009826660156,225.6300048828125,225.3300018310547,225.60400390625,862104,0.0,0.0
2024-10-01 15:00:00-04:00,225.60000610351562,225.9199981689453,225.51499938964844,225.84010314941406,884193,0.0,0.0
2024-10-01 15:15:00-04:00,225.84500122070312,226.1884002685547,225.75,226.1501007080078,1498949,0.0,0.0
2024-10-01 15:30:00-04:00,226.14999389648438,226.33999633789062,225.92999267578125,226.1750030517578,1707645,0.0,0.0
2024-10-01 15:45:00-04:00,226.17999267578125,226.30999755859375,225.87570190429688,226.25999450683594,3336461,0.0,0.0
2024-10-02 09:30:00-04:00,225.88999938964844,226.11000061035156,223.6300048828125,223.6501007080078,4018327,0.0,0.0
2024-10-02 09:45:00-04:00,223.64999389648438,224.6199951171875,223.2100067138672,223.36000061035156,2401305,0.0,0.0
2024-10-02 10:00:00-04:00,223.375,224.69000244140625,223.02999877929688,224.57000732421875,1787177,0.0,0.0
2024-10-02 10:15:00-04:00,224.55999755859375,225.4199981689453,224.5,225.4199981689453,1178367,0.0,0.0
2024-10-02 10:30:00-04:00,225.39999389648438,226.1699981689453,225.27000427246094,225.91400146484375,1283345,0.0,0.0
2024-10-02 10:45:00-04:00,225.889892578125,226.38999938964844,225.6699981689453,226.0800018310547,1405165,0.0,0.0
2024-10-02 11:00:00-04:00,226.0850067138672,226.35000610351562,225.91000366210938,226.1300048828125,911277,0.0,0.0
2024-10-02 11:15:00-04:00,226.33999633789062,226.60000610351562,226.0,226.2050018310547,986858,0.0,0.0
2024-10-02 11:30:00-04:00,226.22000122070312,227.0500030517578,226.1649932861328,227.0399932861328,1539071,0.0,0.0
2024-10-02 11:45:00-04:00,227.0399932861328,227.0399932861328,226.55499267578125,226.83999633789062,736793,0.0,0.0
2024-10-02 12:00:00-04:00,226.85000610351562,226.94000244140625,226.64999389648438,226.82000732421875,555028,0.0,0.0
2024-10-02 12:15:00-04:00,226.8300018310547,227.0,226.66000366210938,226.95199584960938,1123820,0.0,0.0
2024-10-02 12:30:00-04:00,226.9499969482422,226.9499969482422,226.6699981689453,226.80999755859375,553892,0.0,0.0
2024-10-02 12:45:00-04:00,226.81500244140625,227.02999877929688,226.6199951171875,226.63499450683594,569707,0.0,0.0
2024-10-02 13:00:00-04:00,226.6300048828125,227.03939819335938,226.58999633789062,226.94000244140625,601024,0.0,0.0
2024-10-02 13:15:00-04:00,226.88999938964844,226.97999572753906,226.66000366210938,226.95989990234375,448405,0.0,0.0
2024-10-02 13:30:00-04:00,226.94000244140625,227.02000427246094,226.35000610351562,226.69000244140625,733249,0.0,0.0
2024-10-02 13:45:00-04:00,226.67999267578125,227.13999938964844,226.6699981689453,227.11599731445312,553934,0.0,0.0
2024-10-02 14:00:00-04:00,227.11000061035156,227.17999267578125,227.0166015625,227.07400512695312,542418,0.0,0.0
2024-10-02 14:15:00-04:00,227.0749969482422,227.139892578125,226.4600067138672,226.82000732421875,588734,0.0,0.0
2024-10-02 14:30:00-04:00,226.8000030517578,226.9199981689453,226.64999389648438,226.8300018310547,419597,0.0,0.0
2024-10-02 14:45:00-04:00,226.8300018310547,226.97000122070312,226.77000427246094,226.89999389648438,476022,0.0,0.0
2024-10-02 15:00:00-04:00,226.89999389648438,227.1300048828125,226.86000061035156,227.10499572753906,561121,0.0,0.0
2024-10-02 15:15:00-04:00,227.10499572753906,227.3300018310547,227.03500366210938,227.24000549316406,648616,0.0,0.0
2024-10-02 15:30:00-04:00,227.22500610351562,227.3300018310547,227.07000732421875,227.2519989013672,763147,0.0,0.0
2024-10-02 15:45:00-04:00,227.25,227.3699951171875,226.69009399414062,226.80999755859375,2030836,0.0,0.0
2024-10-03 09:30:00-04:00,225.24000549316406,226.49000549316406,224.88999938964844,225.97999572753906,2382413,0.0,0.0
2024-10-03 09:45:00-04:00,225.97999572753906,226.6999969482422,225.57009887695312,226.30499267578125,1273449,0.0,0.0
2024-10-03 10:00:00-04:00,226.30999755859375,226.8000030517578,225.21009826660156,225.67999267578125,1314586,0.0,0.0
2024-10-03 10:15:00-04:00,225.7050018310547,225.88499450683594,224.72000122070312,224.8350067138672,1250233,0.0,0.0
2024-10-03 10:30:00-04:00,224.80999755859375,225.52999877929688,224.52999877929688,224.64999389648438,1200654,0.0,0.0
2024-10-03 10:45:00-04:00,224.6479949951172,225.27000427246094,224.26499938964844,224.32000732421875,1269183,0.0,0.0
2024-10-03 11:00:00-04:00,224.36630249023438,224.64999389648438,224.30160522460938,224.5500030517578,558764,0.0,0.0
